label,missing,min,q1,med,q3,p95,max,mean,range,iqr,std,std_pop,mad
setosa,0,2.3,3.2,3.4,3.6750000000000003,4.055,4.4,3.428,2.1000000000000005,0.4750000000000001,0.3790643690962887,0.37525458025186054,0.25
versicolor,0,2.0,2.525,2.8,3.0,3.2,3.4,2.7700000000000005,1.4,0.4750000000000001,0.3137983233784114,0.31064449134018135,0.20000000000000018
virginica,0,2.2,2.8,3.0,3.1750000000000003,3.5099999999999993,3.8,2.974,1.5999999999999996,0.37500000000000044,0.32249663817263746,0.3192553836664309,0.20000000000000018
